word,sent,word_es
abandon,-2,abandonar
abandoned,-2,abandoned
abandons,-2,abandonarse
abducted,-2,abducted
abduction,-2,secuestro
abductions,-2,secuestros
abhor,-3,aborrecer
abhorred,-3,abhorred
abhorrent,-3,aborrecible
abhors,-3,aborrecer
abilities,2,habilidades
ability,2,capacidad
aboard,1,a bordo
absentee,-1,ausente
absentees,-1,ausentes
absolve,2,absolver
absolved,2,absolved
absolves,2,desaprobar
absolving,2,absorción
absorbed,1,absorbed
abuse,-3,abuso
abused,-3,abused
abuses,-3,abusos
abusive,-3,abusive
accept,1,aceptar
accepted,1,accepted
accepting,1,aceptación
accepts,1,aceptación
accident,-2,accidente
accidental,-2,accidental
accidentally,-2,accidentalmente
accidents,-2,accidentes
accomplish,2,lograr
accomplished,2,accomplished
accomplishes,2,logra
accusation,-2,acusación
accusations,-2,acusaciones
accuse,-2,acusar
accused,-2,accused
accuses,-2,acusaciones
accusing,-2,accusing
ache,-2,dolor
achievable,1,realizable
aching,-2,dolor
acquit,2,absolver
acquits,2,absorción
acquitted,2,acquitted
acquitting,2,acquitting
acrimonious,-3,mordaz
active,1,active
adequate,1,adequate
admire,3,admirar
admired,3,admired
admires,3,admirando
admiring,3,admirativo
admit,-1,admitir
admits,-1,admitir
admitted,-1,admitted
admonish,-2,amonestar
admonished,-2,admonished
adopt,1,adoptar
adopts,1,adopta
adorable,3,adorable
adore,3,adorar
adored,3,adored
adores,3,itreen
advanced,1,advanced
advantage,2,ventaja
advantages,2,ventajas
adventure,2,aventura
adventures,2,aventuras
adventurous,2,adventurous
affected,-1,affected
affection,3,afecto
affectionate,3,affectionate
afflicted,-1,afflicted
affronted,-1,affronted
afraid,-2,afraid
aggravate,-2,agravar
aggravated,-2,aggravated
aggravates,-2,agravantes
aggravating,-2,agravante
aggression,-2,agresión
aggressions,-2,agresiones
aggressive,-2,aggressive
aghast,-2,espantado
agog,2,agog
agonise,-3,agonizar
agonised,-3,agonised
agonises,-3,agonización
agonising,-3,agonizante
agonize,-3,agonizar
agonized,-3,agonized
agonizes,-3,agonizar
agonizing,-3,agonizante
agree,1,aceptar
agreeable,2,agradable
agreed,1,agreed
agreement,1,acuerdo
agrees,1,de acuerdo
alarm,-2,alarma
alarmed,-2,alarmed
alarmist,-2,alarmista
alarmists,-2,alarmistas
alas,-1,Pobre de mí
alert,-1,alerta
alienation,-2,alienación
alive,1,alive
allergic,-2,allergic
allow,1,permitir
alone,-2,alone
amaze,2,asombro
amazed,2,amazed
amazes,2,amazes
amazing,4,amazing
ambitious,2,ambitious
ambivalent,-1,ambivalente
amuse,3,entretener
amused,3,amused
amusement,3,diversión
amusements,3,diversiones
anger,-3,enojo
angers,-3,angustia
angry,-3,angry
anguish,-3,angustia
anguished,-3,anguished
animosity,-2,animosidad
annoy,-2,enojarse
annoyance,-2,molestia
annoyed,-2,enojado
annoying,-2,irritante
annoys,-2,molesto
antagonistic,-2,antagonista
anti,-1,anti
anticipation,1,anticipación
anxiety,-2,ansiedad
anxious,-2,anxious
apathetic,-3,apathetic
apathy,-3,apatía
apeshit,-3,aphit
apocalyptic,-2,apocalyptic
apologise,-1,disculparse
apologised,-1,disculpado
apologises,-1,disculparse
apologising,-1,Disculpándose
apologize,-1,disculparse
apologized,-1,disculpado
apologizes,-1,disculparse
apologizing,-1,disculpado
apology,-1,disculpa
appalled,-2,appalled
appalling,-2,appalling
appease,2,apaciguar
appeased,2,apaciguado
appeases,2,arrendamiento
appeasing,2,apacible
applaud,2,aplaudir
applauded,2,applauded
applauding,2,applauding
applauds,2,applauds
applause,2,aplausos
appreciate,2,agradecer
appreciated,2,appreciated
appreciates,2,aprecia
appreciating,2,aprecio
appreciation,2,apreciación
apprehensive,-2,apprehensive
approval,2,aprobación
approved,2,approved
approves,2,aprobación
ardent,1,ardiente
arrest,-2,arrestar
arrested,-3,arrested
arrests,-2,arrestos
arrogant,-2,arrogante
ashame,-2,es una pena
ashamed,-2,ashamed
ass,-4,culo
assassination,-3,asesinato
assassinations,-3,asesinato
asset,2,activo
assets,2,activos
assfucking,-4,assfucking
asshole,-4,asshole
astonished,2,astonished
astound,3,asombrar
astounded,3,astounded
astounding,3,astounding
astoundingly,3,pasmosamente
astounds,3,astounds
attack,-1,ataque
attacked,-1,attacked
attacking,-1,attacking
attacks,-1,ataques
attract,1,atraer
attracted,1,attracted
attracting,2,atractivo
attraction,2,atracción
attractions,2,atracciones
attracts,1,atrae
audacious,3,audaz
authority,1,autoridad
avert,-1,evitar
averted,-1,averted
averts,-1,evasión
avid,2,avid
avoid,-1,evitar
avoided,-1,avoided
avoids,-1,evita
await,-1,esperar
awaited,-1,awaited
awaits,-1,espera
award,3,otorgar
awarded,3,awarded
awards,3,premio
awesome,4,impresionante
awful,-3,horrible
awkward,-2,awkward
axe,-1,hacha
axed,-1,axed
backed,1,backed
backing,2,apoyo
backs,1,espalda
bad,-3,bad
badass,-3,impresionante
badly,-3,gravemente
bailout,-2,rescate
bamboozle,-2,embaucar
bamboozled,-2,bamboozled
bamboozles,-2,bamboozles
ban,-2,prohibición
banish,-1,desterrar
bankrupt,-3,bankrupt
bankster,-3,bankster
banned,-2,banned
bargain,2,negociar
barrier,-2,barrera
bastard,-5,bastard
bastards,-5,bastards
battle,-1,batalla
battles,-1,batallas
beaten,-2,beaten
beatific,3,beatific
beating,-1,golpeando
beauties,3,bellezas
beautiful,3,beautiful
beautifully,3,hermosamente
beautify,3,embellecer
belittle,-2,empequeñecer
belittled,-2,belittled
beloved,3,beloved
benefit,2,beneficio
benefits,2,beneficios
benefitted,2,benefitted
benefitting,2,beneficio
bereave,-2,privar
bereaved,-2,bereaved
bereaves,-2,duelo
bereaving,-2,duelo
best,3,mejor
betray,-3,traicionar
betrayal,-3,traición
betrayed,-3,betrayed
betraying,-3,traicionamiento
betrays,-3,traidados
better,2,mejor
bias,-1,inclinación
biased,-2,biased
big,1,big
bitch,-5,perra
bitches,-5,perras
bitter,-2,bitter
bitterly,-2,amargamente
bizarre,-2,extraño
blah,-2,paja
blame,-2,blame
blamed,-2,blamed
blames,-2,culpable
blaming,-2,culpable
bless,2,bendecir
blesses,2,blesses
blessing,3,blessing
blind,-1,blind
bliss,3,dicha
blissful,3,feliz
blithe,2,alegre
block,-1,bloquear
blockbuster,3,éxito de taquilla
blocked,-1,blocked
blocking,-1,bloqueo
blocks,-1,bloques
bloody,-3,bloody
blurry,-2,blurry
boastful,-2,boastful
bold,2,bold
boldly,2,valientemente
bomb,-1,bomba
boost,1,aumentar
boosted,1,boosted
boosting,1,impulso
boosts,1,impulso
bore,-2,aburrir
bored,-2,bored
boring,-3,boring
bother,-2,molestar
bothered,-2,bothered
bothers,-2,bothers
bothersome,-2,bothersome
boycott,-2,boicotear
boycotted,-2,boycotted
boycotting,-2,boycotting
boycotts,-2,boicots
brainwashing,-3,lavado del cerebro
brave,2,brave
breakthrough,3,breakthrough
breathtaking,5,breathtaking
bribe,-3,soborno
bright,1,bright
brightest,2,más brillante
brightness,1,brightness
brilliant,4,brillante
brisk,2,enérgico
broke,-1,en bancarrota
broken,-1,broken
brooding,-2,brooding
bullied,-2,bullied
bullshit,-4,mierda
bully,-2,bully
bullying,-2,acoso
bummer,-2,bummer
buoyant,2,boyante
burden,-2,carga
burdened,-2,burdened
burdening,-2,carga
burdens,-2,cargas
calm,2,calma
calmed,2,calmed
calming,2,calming
calms,2,calms
can't stand,-3,No puedo soportar
cancel,-1,cancel
cancelled,-1,cancelled
cancelling,-1,cancelling
cancels,-1,canciones
cancer,-1,cáncer
capable,1,capable
captivated,3,captivated
care,2,cuidado
carefree,1,carefree
careful,2,careful
carefully,2,con cuidado
careless,-2,careless
cares,2,cares
cashing in,-2,cobrar
casualty,-2,víctima
catastrophe,-3,catastrophe
catastrophic,-4,catastrophic
cautious,-1,cautious
celebrate,3,celebrate
celebrated,3,celebrated
celebrates,3,celebrates
celebrating,3,celebrating
censor,-2,censor
censored,-2,censored
censors,-2,censores
certain,1,certain
chagrin,-2,disgusto
chagrined,-2,chagrined
challenge,-1,desafío
chance,2,oportunidad
chances,2,chances
chaos,-2,chaos
chaotic,-2,chaotic
charged,-3,charged
charges,-2,charges
charm,3,encanto
charming,3,charming
charmless,-3,charmless
chastise,-3,castigar
chastised,-3,chastised
chastises,-3,chastises
chastising,-3,chastising
cheat,-3,engañar
cheated,-3,cheated
cheater,-3,cheater
cheaters,-3,cheaters
cheats,-3,cheats
cheer,2,cheer
cheered,2,cheered
cheerful,2,cheerful
cheering,2,cheering
cheerless,-2,triste
cheers,2,salud
cheery,3,alegre
cherish,2,apreciar
cherished,2,cherished
cherishes,2,apreciar
cherishing,2,cherishing
chic,2,elegante
childish,-2,infantil
chilling,-1,espeluznante
choke,-2,ahogo
choked,-2,choked
chokes,-2,chokes
choking,-2,choking
clarifies,2,aclarar
clarity,2,claridad
clash,-2,clash
classy,3,de buen tono
clean,2,clean
cleaner,2,cleaner
clear,1,clear
cleared,1,cleared
clearly,1,clearly
clears,1,clears
clever,2,inteligente
clouded,-1,clouded
clueless,-2,clueless
cock,-5,cock
cocksucker,-5,cacajero
cocksuckers,-5,cacatapas
cocky,-2,cocky
coerced,-2,coerced
collapse,-2,collapse
collapsed,-2,collapsed
collapses,-2,collapses
collapsing,-2,colapso
collide,-1,chocar
collides,-1,chocar
colliding,-1,colliding
collision,-2,collision
collisions,-2,collisions
colluding,-3,colluding
combat,-1,combate
combats,-1,combate
comedy,1,comedia
comfort,2,comodidad
comfortable,2,comfortable
comforting,2,comforting
comforts,2,comodidad
commend,2,elogiar
commended,2,commended
commit,1,comprometerse
commitment,2,compromiso
commits,1,compromiso
committed,1,committed
committing,1,committing
compassionate,2,compassionate
compelled,1,compelled
competent,2,competente
competitive,2,competitive
complacent,-2,suficiente
complain,-2,complain
complained,-2,quejado
complains,-2,complains
comprehensive,2,comprehensive
conciliate,2,conciliar
conciliated,2,conciliated
conciliates,2,conciliates
conciliating,2,conciliación
condemn,-2,condenar
condemnation,-2,condenación
condemned,-2,condemned
condemns,-2,condena
confidence,2,confianza
confident,2,confident
conflict,-2,conflicto
conflicting,-2,conflicting
conflictive,-2,conflictive
conflicts,-2,conflictos
confuse,-2,confundir
confused,-2,confused
confusing,-2,confusing
congrats,2,congrats
congratulate,2,felicitar
congratulation,2,felicitación
congratulations,2,Felicidades
consent,2,consentir
consents,2,consentimiento
consolable,2,consolable
conspiracy,-3,conspiracy
constrained,-2,constrained
contagion,-2,contagio
contagions,-2,contagios
contagious,-1,contagious
contempt,-2,contempt
contemptuous,-2,contemptuous
contemptuously,-2,desdeñosamente
contend,-1,contender
contender,-1,contendiente
contending,-1,contador
contentious,-2,contentious
contestable,-2,contactable
controversial,-2,controversial
controversially,-2,controversially
convince,1,convince
convinced,1,convinced
convinces,1,convencer
convivial,2,alegre
cool,1,cool
cool stuff,3,cool stuff
cornered,-2,cornered
corpse,-1,corpse
costly,-2,costly
courage,2,courage
courageous,2,courageous
courteous,2,cortés
courtesy,2,cortesía
cover-up,-3,cover-up
coward,-2,cobarde
cowardly,-2,cobardemente
coziness,2,comodidad
cramp,-1,calambre
crap,-3,tonterías
crash,-2,crash
crazier,-2,más loco
craziest,-2,craziest
crazy,-2,crazy
creative,2,creative
crestfallen,-2,crestfallen
cried,-2,cried
cries,-2,cries
crime,-3,delito
criminal,-3,delincuente
criminals,-3,criminales
crisis,-3,crisis
critic,-2,critic
criticism,-2,crítica
criticize,-2,criticar
criticized,-2,criticized
criticizes,-2,criticar
criticizing,-2,criticizing
critics,-2,critics
cruel,-3,cruel
cruelty,-3,crueldad
crush,-1,aplastar
crushed,-2,aplastada
crushes,-1,crushes
crushing,-1,crushing
cry,-1,llorar
crying,-2,llanto
cunt,-5,coño
curious,1,curious
curse,-1,maldición
cut,-1,cortar
cute,2,cute
cuts,-1,cortes
cutting,-1,corte
cynic,-2,cynic
cynical,-2,cynical
cynicism,-2,cinismo
damage,-3,daño
damages,-3,daños y perjuicios
damn,-4,maldición
damned,-4,damned
damnit,-4,maldita sea
danger,-2,peligro
daredevil,2,daredevil
daring,2,daring
darkest,-2,el más oscuro
darkness,-1,oscuridad
dauntless,2,dauntless
dead,-3,dead
deadlock,-2,deadlock
deafening,-1,deafening
dear,2,dear
dearly,3,dearly
death,-2,muerte
debonair,2,debonair
debt,-2,deuda
deceit,-3,engaño
deceitful,-3,deceitful
deceive,-3,engañar
deceived,-3,deceived
deceives,-3,deceives
deceiving,-3,deceiving
deception,-3,engaño
decisive,1,decisive
dedicated,2,dedicated
defeated,-2,defeated
defect,-3,defecto
defects,-3,defectos
defender,2,defender
defenders,2,defenders
defenseless,-2,defenseless
defer,-1,aplazar
deferring,-1,deferring
defiant,-1,desafiante
deficit,-2,déficit
degrade,-2,degradar
degraded,-2,degraded
degrades,-2,degradarse
dehumanize,-2,deshumanizar
dehumanized,-2,dehumanized
dehumanizes,-2,deshumanizar
dehumanizing,-2,deshumanizar
deject,-2,deject
dejected,-2,dejected
dejecting,-2,dejecting
dejects,-2,dejects
delay,-1,demora
delayed,-1,delayed
delight,3,deleitar
delighted,3,contento
delighting,3,deleitando
delights,3,delicias
demand,-1,demanda
demanded,-1,demanded
demanding,-1,demandante
demands,-1,demandas
demonstration,-1,demostración
demoralized,-2,demoralized
denied,-2,denied
denier,-2,denier
deniers,-2,deniers
denies,-2,negaciones
denounce,-2,denounce
denounces,-2,denuncia
deny,-2,deny
denying,-2,negar
depressed,-2,depressed
depressing,-2,depressing
derail,-2,hacer descarrilar
derailed,-2,derailed
derails,-2,descarrilar
deride,-2,ridiculizar
derided,-2,derided
derides,-2,burlarse
deriding,-2,burla
derision,-2,derision
desirable,2,deseable
desire,1,desire
desired,2,desired
desirous,2,desirous
despair,-3,desesperación
despairing,-3,despairing
despairs,-3,desesperación
desperate,-3,desperate
desperately,-3,desesperadamente
despondent,-3,despondent
destroy,-3,destroy
destroyed,-3,destroyed
destroying,-3,destroying
destroys,-3,destroys
destruction,-3,destruction
destructive,-3,destructive
detached,-1,detached
detain,-2,detain
detained,-2,detained
detention,-2,detención
determined,2,determined
devastate,-2,devastate
devastated,-2,devastated
devastating,-2,devastating
devoted,3,devoted
diamond,1,diamante
dick,-4,dick
dickhead,-4,gilipollas
die,-3,morir
died,-3,died
difficult,-1,difficult
diffident,-2,diffident
dilemma,-1,dilema
dipshit,-3,dipshit
dire,-3,terrible
direful,-3,horrible
dirt,-2,suciedad
dirtier,-2,dirtier
dirtiest,-2,más sucio
dirty,-2,dirty
disabling,-1,incapacitante
disadvantage,-2,disadvantage
disadvantaged,-2,disadvantaged
disappear,-1,desaparecer
disappeared,-1,disappeared
disappears,-1,desaparece
disappoint,-2,decepcionar
disappointed,-2,disappointed
disappointing,-2,decepcionante
disappointment,-2,disappointment
disappointments,-2,decepciones
disappoints,-2,disappoints
disaster,-2,desastre
disasters,-2,desastres
disastrous,-3,disastrous
disbelieve,-2,no creer
discard,-1,desechar
discarded,-1,discarded
discarding,-1,discarding
discards,-1,discards
disconsolate,-2,disconsolate
disconsolation,-2,disconsolation
discontented,-2,discontented
discord,-2,discordia
discounted,-1,con descuento
discouraged,-2,discouraged
discredited,-2,discredited
disdain,-2,desdén
disgrace,-2,desgracia
disgraced,-2,disgraced
disguise,-1,ocultar
disguised,-1,disguised
disguises,-1,disguises
disguising,-1,disguising
disgust,-3,asco
disgusted,-3,disgustado
disgusting,-3,desagradable
disheartened,-2,disheartened
dishonest,-2,dishonest
disillusioned,-2,disillusioned
disinclined,-2,desagradable
disjointed,-2,disjointed
dislike,-2,disgusto
dismal,-2,dismal
dismayed,-2,dismayed
disorder,-2,disorder
disorganized,-2,disorganized
disoriented,-2,disoriented
disparage,-2,menospreciar
disparaged,-2,disparaged
disparages,-2,desprecio
disparaging,-2,disparaging
displeased,-2,displeased
dispute,-2,disputar
disputed,-2,disputed
disputes,-2,disputas
disputing,-2,de disputa
disqualified,-2,disqualified
disquiet,-2,disquiet
disregard,-2,disregard
disregarded,-2,disregarded
disregarding,-2,disregarding
disregards,-2,desacuerdo
disrespect,-2,falta de respeto
disrespected,-2,no respetado
disruption,-2,ruptura
disruptions,-2,interrupciones
disruptive,-2,disruptivo
dissatisfied,-2,dissatisfied
distort,-2,distorsionar
distorted,-2,distorted
distorting,-2,distorting
distorts,-2,distorsiones
distract,-2,distraer
distracted,-2,distracted
distraction,-2,distracción
distracts,-2,distrae
distress,-2,angustia
distressed,-2,distressed
distresses,-2,angustia
distressing,-2,distressing
distrust,-3,distrust
distrustful,-3,distrustful
disturb,-2,molestar
disturbed,-2,disturbed
disturbing,-2,disturbing
disturbs,-2,disturbs
dithering,-2,aturdimiento
dizzy,-1,dizzy
dodging,-2,regate
dodgy,-2,dodgy
does not work,-3,No funciona
dolorous,-2,dolorous
dont like,-2,no me gusta
doom,-2,condenar
doomed,-2,doomed
doubt,-1,duda
doubted,-1,doubted
doubtful,-1,doubtful
doubting,-1,doubting
doubts,-1,dudas
douche,-3,ducha
douchebag,-3,douchebag
downcast,-2,downcast
downhearted,-2,downhearted
downside,-2,downside
drag,-1,arrastrar
dragged,-1,dragged
drags,-1,arrastramiento
drained,-2,drained
dread,-2,miedo
dreaded,-2,dreaded
dreadful,-3,terrible
dreading,-2,dreading
dream,1,dream
dreams,1,Sueños
dreary,-2,triste
droopy,-2,droopy
drop,-1,gota
drown,-2,drown
drowned,-2,ahogue
drowns,-2,drowns
drunk,-2,drunk
dubious,-2,dubious
dud,-2,dud
dull,-2,dull
dumb,-3,dumb
dumbass,-3,dumbass
dump,-1,vertedero
dumped,-2,dumped
dumps,-1,dumps
dupe,-2,dupe
duped,-2,duped
dysfunction,-2,dysfunction
eager,2,eager
earnest,2,earnest
ease,2,facilidad
easy,1,fácil
ecstatic,4,ecstatic
eerie,-2,eerie
eery,-2,eery
effective,2,eficaz
effectively,2,efectivamente
elated,3,elated
elation,3,elation
elegant,2,elegant
elegantly,2,elegantly
embarrass,-2,avergonzar
embarrassed,-2,embarrassed
embarrasses,-2,avergonzarse
embarrassing,-2,embarrassing
embarrassment,-2,vergüenza
embittered,-2,embittered
embrace,1,abarcar
emergency,-2,emergency
empathetic,2,empathetic
emptiness,-1,emptiness
empty,-1,empty
enchanted,2,enchanted
encourage,2,alentar
encouraged,2,encouraged
encouragement,2,ánimo
encourages,2,fomentar
endorse,2,endorse
endorsed,2,endorsed
endorsement,2,endorsement
endorses,2,respaldo
enemies,-2,enemies
enemy,-2,enemy
energetic,2,energetic
engage,1,comprometer
engages,1,compromisos
engrossed,1,engrossed
enjoy,2,enjoy
enjoying,2,disfrutando
enjoys,2,disfrutar
enlighten,2,enlighten
enlightened,2,enlightened
enlightening,2,enlightening
enlightens,2,iluminar
ennui,-2,tedio
enrage,-2,enfurecer
enraged,-2,enraged
enrages,-2,enriquecimiento
enraging,-2,enfurecible
enrapture,3,extasiar
enslave,-2,esclavizar
enslaved,-2,enslaved
enslaves,-2,enslaves
ensure,1,ensure
ensuring,1,asegurando
enterprising,1,enterprising
entertaining,2,entertaining
enthral,3,enthral
enthusiastic,3,entusiasta
entitled,1,entitled
entrusted,2,entrusted
envies,-1,envies
envious,-2,envious
envy,-1,envidiar
envying,-1,envidiar
erroneous,-2,erroneous
error,-2,error
errors,-2,errores
escape,-1,escape
escapes,-1,escape
escaping,-1,escapar
esteemed,2,esteemed
ethical,2,ethical
euphoria,3,euforia
euphoric,4,euphoric
eviction,-1,desalojo
evil,-3,demonio
exaggerate,-2,exagerar
exaggerated,-2,exaggerated
exaggerates,-2,exagerar
exaggerating,-2,exaggerating
exasperated,2,exasperated
excellence,3,excelencia
excellent,3,excelente
excite,3,excitar
excited,3,entusiasmado
excitement,3,excitación
exciting,3,emocionante
exclude,-1,excluir
excluded,-2,excluded
exclusion,-1,exclusion
exclusive,2,exclusive
excuse,-1,disculpar
exempt,-1,eximir
exhausted,-2,exhausted
exhilarated,3,exhilarated
exhilarates,3,exhilarates
exhilarating,3,estimulante
exonerate,2,exonerar
exonerated,2,exonerated
exonerates,2,exonerarse
exonerating,2,exonerating
expand,1,expand
expands,1,expands
expel,-2,expulsar
expelled,-2,expelled
expelling,-2,expulsión
expels,-2,expels
exploit,-2,exploit
exploited,-2,exploited
exploiting,-2,exploiting
exploits,-2,exploits
exploration,1,exploración
explorations,1,explorations
expose,-1,exponer
exposed,-1,exposed
exposes,-1,exposes
exposing,-1,exposición
extend,1,extender
extends,1,extends
exuberant,4,exuberant
exultant,3,exultant
exultantly,3,exultantly
fabulous,4,fabulous
fad,-2,moda
fag,-3,fag
faggot,-3,faggot
faggots,-3,faggots
fail,-2,fail
failed,-2,failed
failing,-2,failing
fails,-2,fails
failure,-2,falla
failures,-2,fallas
fainthearted,-2,fainthearted
fair,2,fair
faith,1,fe
faithful,3,fiel
fake,-3,fake
fakes,-3,falsificaciones
faking,-3,faking
fallen,-2,fallen
falling,-1,falling
falsified,-3,falsified
falsify,-3,falsificar
fame,1,fame
fan,3,fan
fantastic,4,fantastic
farce,-1,farsa
fascinate,3,fascinar
fascinated,3,fascinated
fascinates,3,fascinante
fascinating,3,fascinante
fascist,-2,fascist
fascists,-2,fascists
fatalities,-3,fatalities
fatality,-3,fatality
fatigue,-2,fatigue
fatigued,-2,fatigued
fatigues,-2,fatigar
fatiguing,-2,fatiguing
favor,2,favor
favored,2,favored
favorite,2,favorite
favorited,2,favorited
favorites,2,favorites
favors,2,favores
fear,-2,miedo
fearful,-2,fearful
fearing,-2,fearing
fearless,2,valiente
fearsome,-2,fearsome
fed up,-3,harto
feeble,-2,débil
feeling,1,sentimiento
felonies,-3,felonies
felony,-3,delito
fervent,2,ferviente
fervid,2,fervid
festive,2,festive
fiasco,-3,fiasco
fidgety,-2,fidgety
fight,-1,luchar
fine,2,bien
fire,-2,fuego
fired,-2,fired
firing,-2,disparo
fit,1,fit
fitness,1,aptitud física
flagship,2,buque insignia
flees,-1,flees
flop,-2,fracaso
flops,-2,chocolas
flu,-2,gripe
flustered,-2,flustered
focused,2,focused
fond,2,fond
fondness,2,cariño
fool,-2,fool
foolish,-2,foolish
fools,-2,fools
forced,-1,forced
foreclosure,-2,juicio hipotecario
foreclosures,-2,ejecución hipotecaria
forget,-1,forget
forgetful,-2,forgetful
forgive,1,perdonar
forgiving,1,forgiving
forgotten,-1,forgotten
fortunate,2,fortunate
frantic,-1,frantic
fraud,-4,fraude
frauds,-4,fraudes
fraudster,-4,fraudster
fraudsters,-4,fraudsters
fraudulence,-4,fraudulence
fraudulent,-4,fraudulent
free,1,gratis
freedom,2,libertad
frenzy,-3,frenesí
fresh,1,fresh
friendly,2,amigable
fright,-2,susto
frightened,-2,frightened
frightening,-3,alarmante
frikin,-2,frikin
frisky,2,frisky
frowning,-1,frowning
frustrate,-2,frustrar
frustrated,-2,frustrated
frustrates,-2,frustrar
frustrating,-2,frustrante
frustration,-2,frustración
ftw,3,FTW
fuck,-4,Mierda
fucked,-4,fucked
fucker,-4,fucker
fuckers,-4,cabrones
fuckface,-4,cara de joder
fuckhead,-4,cabezal
fucking,-4,fucking
fucktard,-4,joder
fud,-3,fud
fuked,-4,fuked
fuking,-4,cuidadoso
fulfill,2,realizar
fulfilled,2,fulfilled
fulfills,2,cumplen
fuming,-2,timbre
fun,4,fun
funeral,-1,funeral
funerals,-1,funerales
funky,2,funky
funnier,4,funnier
funny,4,funny
furious,-3,furious
futile,2,fútil
gag,-2,mordaza
gagged,-2,gagged
gain,2,gain
gained,2,ganado
gaining,2,ganancia
gains,2,gains
gallant,3,gallant
gallantly,3,gallardamente
gallantry,3,gallantry
generous,2,generous
genial,3,genial
ghost,-1,fantasma
giddy,-2,giddy
gift,2,regalo
glad,3,glad
glamorous,3,glamorous
glamourous,3,glamourous
glee,3,alegría
gleeful,3,gleeful
gloom,-1,oscuridad
gloomy,-2,gloomy
glorious,2,glorious
glory,2,glory
glum,-2,glum
god,1,dios
goddamn,-3,maldito
godsend,4,godsend
good,3,good
goodness,3,bondad
grace,1,gracia
gracious,3,Cortés
grand,3,grand
grant,1,conceder
granted,1,granted
granting,1,concesión
grants,1,grants
grateful,3,grateful
gratification,2,gratification
grave,-2,tumba
gray,-1,gray
great,3,great
greater,3,mayor que
greatest,3,greatest
greed,-3,greed
greedy,-2,greedy
green wash,-3,lavado verde
green washing,-3,lavado verde
greenwash,-3,enjuague
greenwasher,-3,lavavajillas
greenwashers,-3,lavavajillas
greenwashing,-3,lavado verde
greet,1,saludar
greeted,1,greeted
greeting,1,saludo
greetings,2,greetings
greets,1,saludo
grey,-1,gris
grief,-2,dolor
grieved,-2,grieved
gross,-2,gross
growing,1,creciente
growth,2,crecimiento
guarantee,1,guarantee
guilt,-3,guilt
guilty,-3,guilty
gullibility,-2,gullibility
gullible,-2,gullible
gun,-1,pistola
ha,2,Ja
hacked,-1,hacked
haha,3,ja ja
hahaha,3,hahaha
hahahah,3,jajaja
hail,2,granizo
hailed,2,hailed
hapless,-2,hapless
haplessness,-2,desventura
happiness,3,happiness
happy,3,happy
hard,-1,hard
hardier,2,más fuerte
hardship,-2,privación
hardy,2,hardy
harm,-2,harm
harmed,-2,harmed
harmful,-2,harmful
harming,-2,harming
harms,-2,harms
harried,-2,harried
harsh,-2,harsh
harsher,-2,harsher
harshest,-2,harshest
hate,-3,hate
hated,-3,hated
haters,-3,haters
hates,-3,odios
hating,-3,odio
haunt,-1,guarida
haunted,-2,haunted
haunting,1,haunting
haunts,-1,haunts
havoc,-2,estragos
healthy,2,saludable
heartbreaking,-3,heartbreaking
heartbroken,-3,heartbroken
heartfelt,3,heartfelt
heaven,2,cielo
heavenly,4,celestial
heavyhearted,-2,heavyhearted
hell,-4,infierno
help,2,help
helpful,2,útil
helping,2,Ayudar
helpless,-2,helpless
helps,2,ayuda
hero,2,hero
heroes,2,héroes
heroic,3,heroic
hesitant,-2,vacilante
hesitate,-2,hesitate
hid,-1,hid
hide,-1,hide
hides,-1,se esconde
hiding,-1,hiding
highlight,2,highlight
hilarious,2,hilarious
hindrance,-2,hindrance
hoax,-2,hoax
homesick,-2,homesick
honest,2,honest
honor,2,honor
honored,2,honored
honoring,2,honor
honour,2,honour
honoured,2,honoured
honouring,2,honor
hooligan,-2,hooligan
hooliganism,-2,gamberrismo
hooligans,-2,hooligans
hope,2,hope
hopeful,2,hopeful
hopefully,2,hopefully
hopeless,-2,hopeless
hopelessness,-2,desesperación
hopes,2,esperanzas
hoping,2,hoping
horrendous,-3,horrendous
horrible,-3,horrible
horrific,-3,horrific
horrified,-3,horrified
hostile,-2,hostile
huckster,-2,huckster
hug,2,abrazo
huge,1,enorme
hugs,2,abrazos
humerous,3,humerous
humiliated,-3,humiliated
humiliation,-3,humiliation
humor,2,humor
humorous,2,humorous
humour,2,humor
humourous,2,humourous
hunger,-2,hunger
hurrah,5,hurrah
hurt,-2,herir
hurting,-2,hurting
hurts,-2,hurts
hypocritical,-2,hypocritical
hysteria,-3,histeria
hysterical,-3,hysterical
hysterics,-3,histerismo
idiot,-3,idiot
idiotic,-3,idiotic
ignorance,-2,ignorancia
ignorant,-2,ignorante
ignore,-1,ignore
ignored,-2,ignored
ignores,-1,ignora
ill,-2,ill
illegal,-3,ilegal
illiteracy,-2,illiteracy
illness,-2,illness
illnesses,-2,illnesses
imbecile,-3,imbecile
immobilized,-1,immobilized
immortal,2,inmortal
immune,1,immune
impatient,-2,impaciente
imperfect,-2,imperfect
importance,2,importance
important,2,important
impose,-1,impose
imposed,-1,imposed
imposes,-1,imposes
imposing,-1,imponente
impotent,-2,impotent
impress,3,impress
impressed,3,impressed
impresses,3,impresión
impressive,3,impressive
imprisoned,-2,imprisoned
improve,2,improve
improved,2,mejorado
improvement,2,improvement
improves,2,improves
improving,2,improving
inability,-2,inability
inaction,-2,en acción
inadequate,-2,inadequate
incapable,-2,incapable
incapacitated,-2,incapacitated
incensed,-2,incensed
incompetence,-2,incompetencia
incompetent,-2,incompetente
inconsiderate,-2,inconsiderate
inconvenience,-2,inconvenience
inconvenient,-2,inconveniente
increase,1,aumentar
increased,1,aumentó
indecisive,-2,indecisive
indestructible,2,indestructible
indifference,-2,indifference
indifferent,-2,indiferente
indignant,-2,indignant
indignation,-2,indignation
indoctrinate,-2,adoctrinar
indoctrinated,-2,indoctrinated
indoctrinates,-2,indicador
indoctrinating,-2,indoctrinating
ineffective,-2,ineffective
ineffectively,-2,ineffectively
infatuated,2,infatuated
infatuation,2,infatuation
infected,-2,infected
inferior,-2,inferior
inflamed,-2,inflamed
influential,2,influential
infringement,-2,infracción
infuriate,-2,enfurecer
infuriated,-2,infuriated
infuriates,-2,infuriates
infuriating,-2,infuriating
inhibit,-1,inhibit
injured,-2,injured
injury,-2,lesión
injustice,-2,injusticia
innovate,1,innovar
innovates,1,innovates
innovation,1,innovación
innovative,2,innovative
inquisition,-2,inquisición
inquisitive,2,inquisitive
insane,-2,insane
insanity,-2,insanity
insecure,-2,insecure
insensitive,-2,insensible
insensitivity,-2,insensibilidad
insignificant,-2,insignificante
insipid,-2,insipid
inspiration,2,inspiración
inspirational,2,inspirational
inspire,2,inspire
inspired,2,inspired
inspires,2,inspires
inspiring,3,inspiring
insult,-2,insulto
insulted,-2,insulted
insulting,-2,insulting
insults,-2,insultos
intact,2,intact
integrity,2,integridad
intelligent,2,intelligent
intense,1,intense
interest,1,interés
interested,2,interested
interesting,2,interesting
interests,1,intereses
interrogated,-2,interrogated
interrupt,-2,interrumpir
interrupted,-2,interrupted
interrupting,-2,interrupting
interruption,-2,interruption
interrupts,-2,interrupciones
intimidate,-2,intimidar
intimidated,-2,intimidated
intimidates,-2,intimidates
intimidating,-2,intimidante
intimidation,-2,intimidation
intricate,2,intricate
intrigues,1,intrigas
invincible,2,invincible
invite,1,invite
inviting,1,inviting
invulnerable,2,invulnerable
irate,-3,irate
ironic,-1,ironic
irony,-1,ironía
irrational,-1,irracional
irresistible,2,irresistible
irresolute,-2,irresolute
irresponsible,2,irresponsable
irreversible,-1,irreversible
irritate,-3,irritar
irritated,-3,irritated
irritating,-3,irritante
isolated,-1,isolated
itchy,-2,que produce picor
jackass,-4,jackass
jackasses,-4,imbéciles
jailed,-2,jailed
jaunty,2,alegre
jealous,-2,jealous
jeopardy,-2,jeopardy
jerk,-3,idiota
jesus,1,Jesús
jewel,1,jewel
jewels,1,joyas
jocular,2,jocular
join,1,unirse
joke,2,broma
jokes,2,jokes
jolly,2,alegre
jovial,2,jovial
joy,3,joy
joyful,3,alegre
joyfully,3,alegremente
joyless,-2,joyless
joyous,3,joyous
jubilant,3,jubilant
jumpy,-1,jumpy
justice,2,justice
justifiably,2,justifiably
justified,2,justified
keen,1,keen
kill,-3,kill
killed,-3,killed
killing,-3,killing
kills,-3,matar
kind,2,kind
kinder,2,kinder
kiss,2,beso
kudos,3,kudos
lack,-2,falta
lackadaisical,-2,lackadaisical
lag,-1,retraso
lagged,-2,lagged
lagging,-2,lagging
lags,-2,lags
lame,-2,lame
landmark,2,punto de referencia
laugh,1,laugh
laughed,1,laughed
laughing,1,laughing
laughs,1,risas
laughting,1,reír
launched,1,lanzado
lawl,3,lawl
lawsuit,-2,lawsuit
lawsuits,-2,demandas
lazy,-1,lazy
leak,-1,filtración
leaked,-1,filtrado
leave,-1,dejar
legal,1,legal
legally,1,legalmente
lenient,1,lenient
lethargic,-2,lethargic
lethargy,-2,lethargy
liar,-3,liar
liars,-3,liars
libelous,-2,libelous
lied,-2,mintió
lifesaver,4,salvador de la vida
lighthearted,1,alegre
like,2,como
liked,2,liked
likes,2,gustos
limitation,-1,limitación
limited,-1,limited
limits,-1,límites
litigation,-1,litigation
litigious,-2,litigious
lively,2,lively
livid,-2,livid
lmao,4,lmao
lmfao,4,lmfao
loathe,-3,detestar
loathed,-3,loathed
loathes,-3,deterioro
loathing,-3,loathing
lobby,-2,vestíbulo
lobbying,-2,cabildeo
lol,3,jajaja
lonely,-2,lonely
lonesome,-2,lonesome
longing,-1,anhelo
loom,-1,telar
loomed,-1,asalto
looming,-1,looming
looms,-1,telares
loose,-3,perder
looses,-3,looses
loser,-3,loser
losing,-3,perdiendo
loss,-3,pérdida
lost,-3,lost
lovable,3,lovable
love,3,amar
loved,3,loved
lovelies,3,lovelies
lovely,3,lovely
loving,2,loving
lowest,-1,el más bajo
loyal,3,leal
loyalty,3,lealtad
luck,3,suerte
luckily,3,luckily
lucky,3,lucky
lugubrious,-2,lúgubre
lunatic,-3,lunatic
lunatics,-3,lunatics
lurk,-1,lurk
lurking,-1,alfombrilla de ratón
lurks,-1,lurks
mad,-3,mad
maddening,-3,maddening
made-up,-1,made-up
madly,-3,locamente
madness,-3,locura
mandatory,-1,mandatory
manipulated,-1,manipulated
manipulating,-1,manipulación
manipulation,-1,manipulation
marvel,3,maravilla
marvelous,3,marvelous
marvels,3,marvels
masterpiece,4,obra maestra
masterpieces,4,obras maestras
matter,1,matter
matters,1,asuntos
mature,2,mature
meaningful,2,meaningful
meaningless,-2,meaningless
medal,3,medal
mediocrity,-3,mediocrity
meditative,1,meditative
melancholy,-2,melancolía
menace,-2,amenaza
menaced,-2,menaced
mercy,2,mercy
merry,3,alegre
mess,-2,desorden
messed,-2,desordenado
messing up,-2,messing up
methodical,2,methodical
mindless,-2,mindless
miracle,4,miracle
mirth,3,mirth
mirthful,3,alegre
mirthfully,3,alegremente
misbehave,-2,portarse mal
misbehaved,-2,malhechado
misbehaves,-2,misbehaves
misbehaving,-2,mal comportamiento
mischief,-1,Travesura
mischiefs,-1,mischiefs
miserable,-3,miserable
misery,-2,miseria
misgiving,-2,recelo
misinformation,-2,desinformación
misinformed,-2,mal informado
misinterpreted,-2,malinterpretado
misleading,-3,misleading
misread,-1,leer mal
misreporting,-2,misreporting
misrepresentation,-2,tergiversación
miss,-2,miss
missed,-2,missed
missing,-2,missing
mistake,-2,error
mistaken,-2,mistaken
mistakes,-2,mistakes
mistaking,-2,confusión
misunderstand,-2,entender mal
misunderstanding,-2,misunderstanding
misunderstands,-2,malinterpretan
misunderstood,-2,misunderstood
moan,-2,gemir
moaned,-2,moaned
moaning,-2,gemido
moans,-2,gemido
mock,-2,mock
mocked,-2,burlado
mocking,-2,mocking
mocks,-2,mocks
mongering,-2,aturdimiento
monopolize,-2,monopolize
monopolized,-2,monopolized
monopolizes,-2,monopolizes
monopolizing,-2,monopolizing
moody,-1,moody
mope,-1,mope
moping,-1,ciclomotor
moron,-3,imbécil
motherfucker,-5,motherfucker
motherfucking,-5,motherfucking
motivate,1,motivar
motivated,2,motivated
motivating,2,motivating
motivation,1,motivación
mourn,-2,mourn
mourned,-2,mourned
mournful,-2,mournful
mourning,-2,mourning
mourns,-2,mourns
mumpish,-2,mumpish
murder,-2,murder
murderer,-2,murderer
murdering,-3,murdering
murderous,-3,murderous
murders,-2,murders
myth,-1,myth
n00b,-2,N00B
naive,-2,naive
nasty,-3,nasty
natural,1,natural
naïve,-2,naïve
needy,-2,needy
negative,-2,negative
negativity,-2,negativity
neglect,-2,neglect
neglected,-2,neglected
neglecting,-2,neglecting
neglects,-2,neglects
nerves,-1,nerves
nervous,-2,nervous
nervously,-2,nervously
nice,3,nice
nifty,2,nifty
niggas,-5,niggas
nigger,-5,nigger
no,-1,no
no fun,-3,no es divertido
noble,2,noble
noisy,-1,noisy
nonsense,-2,disparates
noob,-2,noob
nosey,-2,nosey
not good,-2,no es bueno
not working,-3,not working
notorious,-2,notorious
novel,2,novel
numb,-1,numb
nuts,-3,nuts
obliterate,-2,obliterar
obliterated,-2,obliterated
obnoxious,-3,desagradable
obscene,-2,obscene
obsessed,2,obsessed
obsolete,-2,obsolete
obstacle,-2,obstacle
obstacles,-2,obstacles
obstinate,-2,obstinate
odd,-2,odd
offend,-2,offend
offended,-2,offended
offender,-2,offender
offending,-2,infractor
offends,-2,ofender
offline,-1,offline
oks,2,oks
ominous,3,ominous
once-in-a-lifetime,3,once-in-a-lifetime
opportunities,2,oportunidades
opportunity,2,opportunity
oppressed,-2,oppressed
oppressive,-2,oppressive
optimism,2,optimismo
optimistic,2,optimista
optionless,-2,sin opción
outcry,-2,outcry
outmaneuvered,-2,outmaneuvered
outrage,-3,outrage
outraged,-3,outraged
outreach,2,superar a
outstanding,5,pendiente
overjoyed,4,lleno de alegría
overload,-1,overload
overlooked,-1,pasado por alto
overreact,-2,overreact
overreacted,-2,overreacted
overreaction,-2,reacción exagerada
overreacts,-2,reaccionan exagerados
oversell,-2,oversell
overselling,-2,overselling
oversells,-2,oversells
oversimplification,-2,simplificación excesiva
oversimplified,-2,oversimplified
oversimplifies,-2,oversimplifies
oversimplify,-2,oversimplify
overstatement,-2,exageración
overstatements,-2,overstatements
overweight,-1,exceso de peso
oxymoron,-1,oxymoron
pain,-2,dolor
pained,-2,pained
panic,-3,panic
panicked,-3,panicked
panics,-3,pánico
paradise,3,paraíso
paradox,-1,paradoja
pardon,2,indulto
pardoned,2,pardoned
pardoning,2,pardoning
pardons,2,indultos
parley,-1,parlamentar
passionate,2,passionate
passive,-1,passive
passively,-1,passively
pathetic,-2,pathetic
pay,-1,pay
peace,2,paz
peaceful,2,peaceful
peacefully,2,pacíficamente
penalty,-2,penalty
pensive,-1,pensive
perfect,3,perfect
perfected,2,perfected
perfectly,3,perfectamente
perfects,2,perfects
peril,-2,peril
perjury,-3,perjury
perpetrator,-2,perpetrator
perpetrators,-2,perpetrators
perplexed,-2,perplexed
persecute,-2,persecute
persecuted,-2,persecuted
persecutes,-2,persecutes
persecuting,-2,persecuting
perturbed,-2,perturbed
pesky,-2,pesky
pessimism,-2,pessimism
pessimistic,-2,pesimista
petrified,-2,petrified
phobic,-2,phobic
picturesque,2,picturesque
pileup,-1,amontonar
pique,-2,pique
piqued,-2,piqued
piss,-4,orinar
pissed,-4,pissed
pissing,-3,pissing
piteous,-2,piteous
pitied,-1,pitied
pity,-2,lástima
playful,2,playful
pleasant,3,pleasant
please,1,por favor
pleased,3,pleased
pleasure,3,placer
poised,-2,poised
poison,-2,veneno
poisoned,-2,poisoned
poisons,-2,venenos
pollute,-2,contaminar
polluted,-2,polluted
polluter,-2,polluter
polluters,-2,polluters
pollutes,-2,pollutes
poor,-2,pobre
poorer,-2,poorer
poorest,-2,más pobre
popular,3,popular
positive,2,positive
positively,2,afirmativamente
possessive,-2,possessive
postpone,-1,posponer
postponed,-1,postponed
postpones,-1,postpones
postponing,-1,posponería
poverty,-1,poverty
powerful,2,powerful
powerless,-2,impotente
praise,3,elogio
praised,3,praised
praises,3,alabanza
praising,3,elogio
pray,1,orar
praying,1,Orando
prays,1,reza
prblm,-2,prblm
prblms,-2,PRBLMS
prepared,1,prepared
pressure,-1,presión
pressured,-2,pressured
pretend,-1,pretender
pretending,-1,pretending
pretends,-1,fingir
pretty,1,pretty
prevent,-1,prevenir
prevented,-1,prevented
preventing,-1,prevenir
prevents,-1,evitan
prick,-5,prick
prison,-2,prisión
prisoner,-2,prisoner
prisoners,-2,prisoners
privileged,2,privileged
proactive,2,proactive
problem,-2,problem
problems,-2,problemas
profiteer,-2,acaparador
progress,2,progress
prominent,2,prominent
promise,1,promesa
promised,1,promised
promises,1,promises
promote,1,promover
promoted,1,promoted
promotes,1,promociona
promoting,1,promoviendo
propaganda,-2,propaganda
prosecute,-1,prosecute
prosecuted,-2,prosecuted
prosecutes,-1,enjuiciamiento
prosecution,-1,enjuiciamiento
prospect,1,prospecto
prospects,1,prospectos
prosperous,3,prosperous
protect,1,proteger
protected,1,protected
protects,1,protege
protest,-2,protesta
protesters,-2,protesters
protesting,-2,protesting
protests,-2,protestas
proud,2,proud
proudly,2,con orgullo
provoke,-1,provoke
provoked,-1,provoked
provokes,-1,provoca
provoking,-1,provoking
pseudoscience,-3,pseudociencia
punish,-2,castigar
punished,-2,punished
punishes,-2,castigar
punitive,-2,punitivo
pushy,-1,pushy
puzzled,-2,puzzled
quaking,-2,quaking
questionable,-2,cuestionable
questioned,-1,questioned
questioning,-1,interrogatorio
racism,-3,racismo
racist,-3,racista
racists,-3,racists
rage,-2,furia
rageful,-2,rageful
rainy,-1,rainy
rant,-3,despotricar
ranter,-3,ranter
ranters,-3,pilotas
rants,-3,diatriba
rape,-4,violación
rapist,-4,rapist
rapture,2,rapto
raptured,2,con rapto
raptures,2,éxtasis
rapturous,4,rapturous
rash,-2,rash
ratified,2,ratified
reach,1,alcanzar
reached,1,alcanzó
reaches,1,reaches
reaching,1,alcance
reassure,1,tranquilizar
reassured,1,reassured
reassures,1,tranquilizar
reassuring,2,reassuring
rebellion,-2,rebelión
recession,-2,recession
reckless,-2,imprudente
recommend,2,recomendar
recommended,2,recommended
recommends,2,recommends
redeemed,2,redeemed
refuse,-2,rechazar
refused,-2,refused
refusing,-2,refusing
regret,-2,arrepentirse
regretful,-2,regretful
regrets,-2,remordimientos
regretted,-2,regretted
regretting,-2,lamentando
reject,-1,rechazar
rejected,-1,rejected
rejecting,-1,rejecting
rejects,-1,rejects
rejoice,4,alegrarse
rejoiced,4,rejoiced
rejoices,4,regocijo
rejoicing,4,rejoicing
relaxed,2,relaxed
relentless,-1,implacable
reliant,2,reliant
relieve,1,aliviar
relieved,2,relieved
relieves,1,alivio
relieving,2,relieving
relishing,2,sabor
remarkable,2,notable
remorse,-2,remorse
repulse,-1,rechazar
repulsed,-2,repulsed
rescue,2,rescue
rescued,2,rescatada
rescues,2,rescate
resentful,-2,resentful
resign,-1,resign
resigned,-1,renunciar
resigning,-1,renuncia
resigns,-1,renuncia
resolute,2,resolute
resolve,2,resolver
resolved,2,resolved
resolves,2,resolves
resolving,2,resolución
respected,2,respected
responsible,2,responsable
responsive,2,sensible
restful,2,restful
restless,-2,restless
restore,1,restaurar
restored,1,restored
restores,1,restaurantes
restoring,1,restauración
restrict,-2,restringir
restricted,-2,restricted
restricting,-2,restricting
restriction,-2,restricción
restricts,-2,restricts
retained,-1,retained
retard,-2,retardar
retarded,-2,retarded
retreat,-1,retreat
revenge,-2,venganza
revengeful,-2,revengeful
revered,2,revered
revive,2,reanimar
revives,2,revives
reward,2,premio
rewarded,2,rewarded
rewarding,2,gratificante
rewards,2,recompensas
rich,2,rich
ridiculous,-3,ridiculous
rig,-1,rig
rigged,-1,rigged
right direction,3,right direction
rigorous,3,rigorous
rigorously,3,rigurosamente
riot,-2,riot
riots,-2,riots
risk,-2,riesgo
risks,-2,risks
rob,-2,robar
robber,-2,ladrón
robed,-2,con techo
robing,-2,túnica
robs,-2,robo
robust,2,robust
rofl,4,rofl
roflcopter,4,roflcopter
roflmao,4,roflmao
romance,2,romance
rotfl,4,rotfl
rotflmfao,4,rotflmfao
rotflol,4,rotflol
ruin,-2,ruina
ruined,-2,ruined
ruining,-2,ruina
ruins,-2,restos
sabotage,-2,sabotage
sad,-2,triste
sadden,-2,entristecer
saddened,-2,triste
sadly,-2,desafortunadamente
safe,1,safe
safely,1,sin peligro
safety,1,safety
salient,1,saliente
sappy,-1,lleno de savia
sarcastic,-2,sarcastic
satisfied,2,satisfied
save,2,ahorrar
saved,2,salvado
scam,-2,scam
scams,-2,estafa
scandal,-3,escándalo
scandalous,-3,scandalous
scandals,-3,escándalos
scapegoat,-2,chivo expiatorio
scapegoats,-2,chivo expiatorio
scare,-2,susto
scared,-2,scared
scary,-2,scary
sceptical,-2,sceptical
scold,-2,scold
scoop,3,cucharón
scorn,-2,desdén
scornful,-2,scornful
scream,-2,gritar
screamed,-2,screamed
screaming,-2,gritando
screams,-2,carcajadas
screwed,-2,screwed
screwed up,-3,atornillado
scumbag,-4,escoria
secure,2,secure
secured,2,secured
secures,2,secures
sedition,-2,sedición
seditious,-2,seditious
seduced,-1,seduced
self-confident,2,seguro de sí mismo
self-deluded,-2,autosavón
selfish,-3,selfish
selfishness,-3,egoísmo
sentence,-2,sentence
sentenced,-2,sentenced
sentences,-2,oraciones
sentencing,-2,sentencia
serene,2,serene
severe,-2,severe
sexy,3,sexy
shaky,-2,shaky
shame,-2,lástima
shamed,-2,shamed
shameful,-2,shameful
share,1,compartir
shared,1,shared
shares,1,Comparte
shattered,-2,roto
shit,-4,mierda
shithead,-4,gilipollas
shitty,-3,de mierda
shock,-2,choque
shocked,-2,shocked
shocking,-2,impactante
shocks,-2,shocks
shoot,-1,disparar
short-sighted,-2,short-sighted
short-sightedness,-2,miopía
shortage,-2,escasez
shortages,-2,escasez
shrew,-4,musaraña
shy,-1,shy
sick,-2,sick
sigh,-2,suspiro
significance,1,significance
significant,1,significant
silencing,-1,silenciamiento
silly,-1,silly
sincere,2,sincere
sincerely,2,atentamente
sincerest,2,sincerest
sincerity,2,sincerity
sinful,-3,sinful
singleminded,-2,soltero
skeptic,-2,skeptic
skeptical,-2,skeptical
skepticism,-2,skepticism
skeptics,-2,skeptics
slam,-2,golpe
slash,-2,barra oblicua
slashed,-2,cortado
slashes,-2,barras
slashing,-2,cuchillada
slavery,-3,slavery
sleeplessness,-2,insomnio
slick,2,slick
slicker,2,impermeable
slickest,2,más tosco
sluggish,-2,sluggish
slut,-5,puta
smart,1,elegante
smarter,2,más inteligente
smartest,2,más inteligente
smear,-2,frotis
smile,2,sonrisa
smiled,2,sonreír
smiles,2,sonreír
smiling,2,sonriente
smog,-2,niebla tóxica
sneaky,-1,furtivo
snub,-2,desaire
snubbed,-2,snubbed
snubbing,-2,desaguita
snubs,-2,desahogadores
sobering,1,alucinante
solemn,-1,solemne
solid,2,solid
solidarity,2,solidarity
solution,1,solución
solutions,1,soluciones
solve,1,resolver
solved,1,resuelto
solves,1,resolución
solving,1,resolución
somber,-2,somber
some kind,0,algún tipo
son-of-a-bitch,-5,Hijo de puta
soothe,3,soothe
soothed,3,soothed
soothing,3,calmante
sophisticated,2,sophisticated
sore,-1,sore
sorrow,-2,pena
sorrowful,-2,triste
sorry,-1,sorry
spam,-2,correo basura
spammer,-3,spammer
spammers,-3,spammers
spamming,-2,spamming
spark,1,Chispa - chispear
sparkle,3,sparkle
sparkles,3,chispas
sparkling,3,sparkling
speculative,-2,speculative
spirit,1,espíritu
spirited,2,spirited
spiritless,-2,sin ánimo
spiteful,-2,spiteful
splendid,3,splendid
sprightly,2,sprightly
squelched,-1,squelched
stab,-2,puñalada
stabbed,-2,stabbed
stable,2,estable
stabs,-2,apuñalamiento
stall,-2,parar
stalled,-2,parado
stalling,-2,estancamiento
stamina,2,aguante
stampede,-2,estampida
startled,-2,startled
starve,-2,starve
starved,-2,starved
starves,-2,starves
starving,-2,starving
steadfast,2,firme
steal,-2,steal
steals,-2,robo
stereotype,-2,stereotype
stereotyped,-2,esteriotipado
stifled,-1,stifled
stimulate,1,estimular
stimulated,1,stimulated
stimulates,1,stimulates
stimulating,2,estimulante
stingy,-2,stingy
stolen,-2,stolen
stop,-1,detener
stopped,-1,stopped
stopping,-1,parada
stops,-1,parada
stout,2,cerveza negra
straight,1,straight
strange,-1,strange
strangely,-1,extrañamente
strangled,-2,strangled
strength,2,fortaleza
strengthen,2,strengthen
strengthened,2,strengthened
strengthening,2,strengthening
strengthens,2,strengthens
stressed,-2,stressed
stressor,-2,estresante
stressors,-2,estresores
stricken,-2,stricken
strike,-1,strike
strikers,-2,huelguistas
strikes,-1,strikes
strong,2,strong
stronger,2,stronger
strongest,2,strongest
struck,-1,struck
struggle,-2,struggle
struggled,-2,struggled
struggles,-2,luchas
struggling,-2,struggling
stubborn,-2,stubborn
stuck,-2,stuck
stunned,-2,stunned
stunning,4,stunning
stupid,-2,stupid
stupidly,-2,estúpidamente
suave,2,afable
substantial,1,substantial
substantially,1,sustancialmente
subversive,-2,subversive
success,2,éxito
successful,3,successful
suck,-3,suck
sucks,-3,chupa
suffer,-2,sufrir
suffering,-2,suffering
suffers,-2,sufre
suicidal,-2,suicidal
suicide,-2,suicidio
suing,-2,demandar
sulking,-2,sulking
sulky,-2,sulky
sullen,-2,sullen
sunshine,2,sunshine
super,3,super
superb,5,superb
superior,2,superior
support,2,support
supported,2,supported
supporter,1,supporter
supporters,1,supporters
supporting,1,supporting
supportive,2,apoyo
supports,2,supports
survived,2,sobrevivió
surviving,2,sobreviviente
survivor,2,survivor
suspect,-1,suspect
suspected,-1,suspected
suspecting,-1,sospecha
suspects,-1,suspects
suspend,-1,suspend
suspended,-1,suspended
suspicious,-2,suspicious
swear,-2,swear
swearing,-2,maldición
swears,-2,maldita
sweet,2,sweet
swift,2,swift
swiftly,2,rápidamente
swindle,-3,estafa
swindles,-3,swindles
swindling,-3,swindling
sympathetic,2,sympathetic
sympathy,2,compasión
tard,-2,tardar
tears,-2,lágrimas
tender,2,licitación
tense,-2,tense
tension,-1,tension
terrible,-3,terrible
terribly,-3,terriblemente
terrific,4,terrific
terrified,-3,terrified
terror,-3,terror
terrorize,-3,terrorize
terrorized,-3,terrorized
terrorizes,-3,terrorizes
thank,2,agradecer
thankful,2,thankful
thanks,2,thanks
thorny,-2,thorny
thoughtful,2,thoughtful
thoughtless,-2,thoughtless
threat,-2,threat
threaten,-2,amenazar
threatened,-2,threatened
threatening,-2,amenazante
threatens,-2,amenazar
threats,-2,threats
thrilled,5,thrilled
thwart,-2,frustrar
thwarted,-2,thwarted
thwarting,-2,thwarting
thwarts,-2,frwarts
timid,-2,timid
timorous,-2,timorous
tired,-2,tired
tits,-2,tetas
tolerant,2,tolerante
toothless,-2,sin dientes
top,2,arriba
tops,2,tops
torn,-2,torn
torture,-4,torture
tortured,-4,tortured
tortures,-4,tortura
torturing,-4,torturing
totalitarian,-2,totalitarian
totalitarianism,-2,totalitarianism
tout,-2,tout
touted,-2,touted
touting,-2,touting
touts,-2,touts
tragedy,-2,tragedy
tragic,-2,tragic
tranquil,2,tranquil
trap,-1,trampa
trapped,-2,trapped
trauma,-3,trauma
traumatic,-3,traumatic
travesty,-2,parodia
treason,-3,traición
treasonous,-3,de traición
treasure,2,tesoro
treasures,2,tesoros
trembling,-2,temblor
tremulous,-2,tremulous
tricked,-2,tricked
trickery,-2,astucia
triumph,4,triunfo
triumphant,4,triunfante
trouble,-2,trouble
troubled,-2,troubled
troubles,-2,troubles
true,2,verdadero
trust,1,confianza
trusted,2,trusted
tumor,-2,tumor
twat,-5,coño
ugly,-3,ugly
unacceptable,-2,inaceptable
unappreciated,-2,no apreciado
unapproved,-2,unapproved
unaware,-2,inconsciente
unbelievable,-1,unbelievable
unbelieving,-1,unbelieving
unbiased,2,imparcial
uncertain,-1,uncertain
unclear,-1,unclear
uncomfortable,-2,uncomfortable
unconcerned,-2,unconcerned
unconfirmed,-1,inconfirmado
unconvinced,-1,unconvinced
uncredited,-1,no acreditado
undecided,-1,undecided
underestimate,-1,subestimar
underestimated,-1,underestimated
underestimates,-1,underestimates
underestimating,-1,desestimación
undermine,-2,undermine
undermined,-2,undermined
undermines,-2,socava
undermining,-2,undermining
undeserving,-2,undeserving
undesirable,-2,indeseable
uneasy,-2,uneasy
unemployment,-2,unemployment
unequal,-1,unequal
unequaled,2,inigualable
unethical,-2,poco ético
unfair,-2,unfair
unfocused,-2,unfocused
unfulfilled,-2,unfulfilled
unhappy,-2,infeliz
unhealthy,-2,insalubre
unified,1,unified
unimpressed,-2,no impresionado
unintelligent,-2,ininteligente
united,1,united
unjust,-2,unjust
unlovable,-2,unlovable
unloved,-2,no amado
unmatched,1,sin par
unmotivated,-2,unmotivated
unprofessional,-2,no profesional
unresearched,-2,no investigado
unsatisfied,-2,unsatisfied
unsecured,-2,unsecured
unsettled,-1,inestable
unsophisticated,-2,unsophisticated
unstable,-2,unstable
unstoppable,2,unstoppable
unsupported,-2,sin apoyo
unsure,-1,unsure
untarnished,2,no talado
unwanted,-2,unwanted
unworthy,-2,indigno de
upset,-2,upset
upsets,-2,upsets
upsetting,-2,upsetting
uptight,-2,uptight
urgent,-1,urgent
useful,2,useful
usefulness,2,usefulness
useless,-2,useless
uselessness,-2,inutilidad
vague,-2,vague
validate,1,validate
validated,1,validated
validates,1,validates
validating,1,validating
verdict,-1,veredicto
verdicts,-1,veredictos
vested,1,vested
vexation,-2,vejación
vexing,-2,irregular
vibrant,3,vibrante
vicious,-2,vicious
victim,-3,víctima
victimize,-3,victimize
victimized,-3,víctima
victimizes,-3,víctimas
victimizing,-3,víctima
victims,-3,victims
vigilant,3,vigilante
vile,-3,vil
vindicate,2,vindicar
vindicated,2,vindicated
vindicates,2,vindicates
vindicating,2,reivindicación
violate,-2,violar
violated,-2,violated
violates,-2,violar
violating,-2,violating
violence,-3,violence
violent,-3,violent
virtuous,2,virtuous
virulent,-2,virulent
vision,1,visión
visionary,3,visionary
visioning,1,visión
visions,1,visiones
vitality,3,vitality
vitamin,1,vitamin
vitriolic,-3,vitriolic
vivacious,3,vivacious
vociferous,-1,vociferous
vulnerability,-2,vulnerability
vulnerable,-2,vulnerable
walkout,-2,salir
walkouts,-2,huelga
wanker,-3,wanker
want,1,want
war,-2,guerra
warfare,-2,warfare
warm,1,warm
warmth,2,warmth
warn,-2,advertir
warned,-2,warned
warning,-3,warning
warnings,-3,advertencias
warns,-2,advertencia
was,0,era
waste,-1,desperdiciar
wasted,-2,wasted
wasting,-2,debilitante
wavering,-1,wavering
weak,-2,weak
weakness,-2,debilidad
wealth,3,wealth
wealthy,2,wealthy
weary,-2,weary
weep,-2,llorar
weeping,-2,weeping
weird,-2,weird
welcome,2,welcome
welcomed,2,welcomed
welcomes,2,bienvenida
whimsical,1,whimsical
whitewash,-3,encalar
whore,-4,whore
wicked,-2,wicked
widowed,-1,widowed
willingness,2,voluntad
win,4,win
winner,4,winner
winning,4,winning
wins,4,victorias
winwin,3,Winwin
wish,1,wish
wishes,1,deseos
wishing,1,deseando
withdrawal,-3,retiro
woebegone,-2,woebegone
woeful,-3,lamentable
won,3,won
wonderful,4,wonderful
woo,3,cortejar
woohoo,3,Woohoo
wooo,4,wooo
woow,4,woow
worn,-1,worn
worried,-3,worried
worry,-3,worry
worrying,-3,preocupante
worse,-3,peor
worsen,-3,empeorar
worsened,-3,worsened
worsening,-3,worsening
worsens,-3,empeoramiento
worshiped,3,worshiped
worst,-3,worst
worth,2,valer
worthless,-2,sin valor
worthy,2,worthy
wow,4,wow
wowow,4,wowow
wowww,4,wowww
wrathful,-3,wrathful
wreck,-2,wreck
wrong,-2,equivocado
wronged,-2,wronged
wtf,-4,wtf
yeah,1,sí
yearning,1,anhelo
yeees,2,yeees
yes,1,yes
youthful,2,youthful
yucky,-2,asqueroso
yummy,3,yummy
zealot,-2,zealot
zealots,-2,zealots
zealous,2,zealous
